"Type","Num_Rooms","Location","_2013","_2014","_2015","_2016","_2017"
"Detached house","One bed","Carlow",0.00,0.00,0.00,0.00,0.00
"Detached house","One bed","Cavan",0.00,0.00,0.00,0.00,0.00
"Detached house","One bed","Clare",0.00,0.00,0.00,0.00,0.00
"Detached house","One bed","Cork",486.77,490.24,533.63,538.68,595.50
"Detached house","One bed","Donegal",0.00,0.00,0.00,0.00,0.00
"Detached house","One bed","Dublin",781.93,826.38,926.22,1030.75,1083.84
"Detached house","One bed","Galway",0.00,437.11,506.77,539.62,581.87
"Detached house","One bed","Kerry",0.00,0.00,0.00,0.00,0.00
"Detached house","One bed","Kildare",0.00,537.90,531.06,586.41,669.43
"Detached house","One bed","Kilkenny",0.00,0.00,0.00,0.00,0.00
"Detached house","One bed","Laois",0.00,0.00,0.00,0.00,0.00
"Detached house","One bed","Leitrim",0.00,0.00,0.00,0.00,0.00
"Detached house","One bed","Limerick",0.00,0.00,0.00,0.00,0.00
"Detached house","One bed","Longford",0.00,0.00,0.00,0.00,0.00
"Detached house","One bed","Louth",0.00,0.00,0.00,0.00,0.00
"Detached house","One bed","Mayo",0.00,0.00,0.00,0.00,0.00
"Detached house","One bed","Meath",0.00,0.00,0.00,0.00,612.39
"Detached house","One bed","Monaghan",0.00,0.00,0.00,0.00,0.00
"Detached house","One bed","Offaly",0.00,0.00,0.00,0.00,0.00
"Detached house","One bed","Roscommon",0.00,0.00,0.00,0.00,0.00
"Detached house","One bed","Sligo",0.00,0.00,0.00,0.00,0.00
"Detached house","One bed","Tipperary",0.00,0.00,391.01,405.56,0.00
"Detached house","One bed","Waterford",0.00,0.00,0.00,0.00,0.00
"Detached house","One bed","Westmeath",0.00,0.00,0.00,0.00,0.00
"Detached house","One bed","Wexford",0.00,0.00,0.00,0.00,0.00
"Detached house","One bed","Wicklow",610.38,647.07,643.98,722.43,763.57
"Detached house","Two bed","Carlow",518.49,506.14,522.41,575.29,612.03
"Detached house","Two bed","Cavan",0.00,367.56,398.10,0.00,0.00
"Detached house","Two bed","Clare",428.74,426.28,428.48,459.97,509.45
"Detached house","Two bed","Cork",576.89,577.03,599.98,649.09,704.13
"Detached house","Two bed","Donegal",348.52,347.52,356.69,374.02,392.37
"Detached house","Two bed","Dublin",1069.00,1117.34,1224.29,1303.59,1372.09
"Detached house","Two bed","Galway",532.68,535.06,560.09,584.94,655.27
"Detached house","Two bed","Kerry",471.24,484.43,491.47,488.34,522.70
"Detached house","Two bed","Kildare",631.87,688.57,743.31,787.51,890.17
"Detached house","Two bed","Kilkenny",497.43,500.52,521.54,580.42,627.96
"Detached house","Two bed","Laois",473.64,470.23,518.90,573.02,616.72
"Detached house","Two bed","Leitrim",350.54,340.13,357.64,395.32,0.00
"Detached house","Two bed","Limerick",517.61,511.09,515.50,557.98,589.22
"Detached house","Two bed","Longford",0.00,392.50,411.77,423.57,452.90
"Detached house","Two bed","Louth",554.98,565.30,612.18,638.33,680.59
"Detached house","Two bed","Mayo",451.40,453.39,432.44,452.77,487.54
"Detached house","Two bed","Meath",597.31,615.73,675.14,766.62,813.38
"Detached house","Two bed","Monaghan",0.00,0.00,431.66,453.48,0.00
"Detached house","Two bed","Offaly",438.51,437.35,446.91,464.07,493.83
"Detached house","Two bed","Roscommon",408.26,407.93,411.78,426.22,453.77
"Detached house","Two bed","Sligo",424.45,457.21,473.57,476.89,463.97
"Detached house","Two bed","Tipperary",466.56,464.30,477.27,487.95,506.08
"Detached house","Two bed","Waterford",479.50,468.86,483.81,518.46,549.76
"Detached house","Two bed","Westmeath",454.31,465.01,489.97,512.32,538.05
"Detached house","Two bed","Wexford",478.58,480.36,501.49,526.88,576.71
"Detached house","Two bed","Wicklow",724.45,731.53,761.15,838.16,892.20
"Detached house","Three bed","Carlow",566.63,579.14,622.11,647.57,685.99
"Detached house","Three bed","Cavan",438.64,444.20,449.27,479.79,528.67
"Detached house","Three bed","Clare",508.02,517.41,515.64,554.94,590.59
"Detached house","Three bed","Cork",676.43,696.47,723.18,770.73,819.92
"Detached house","Three bed","Donegal",440.70,429.35,438.79,453.87,481.62
"Detached house","Three bed","Dublin",1251.52,1315.91,1417.91,1508.03,1571.74
"Detached house","Three bed","Galway",607.65,612.00,656.71,695.57,748.77
"Detached house","Three bed","Kerry",525.50,528.03,551.47,576.48,612.73
"Detached house","Three bed","Kildare",799.01,817.85,890.15,1005.59,1057.49
"Detached house","Three bed","Kilkenny",580.52,588.00,615.27,659.65,705.78
"Detached house","Three bed","Laois",552.31,562.36,598.19,689.23,753.10
"Detached house","Three bed","Leitrim",414.79,410.73,413.31,430.37,453.57
"Detached house","Three bed","Limerick",562.50,555.53,567.37,623.38,651.30
"Detached house","Three bed","Longford",428.21,421.59,435.54,491.37,528.11
"Detached house","Three bed","Louth",656.70,673.00,718.12,791.27,880.39
"Detached house","Three bed","Mayo",492.10,495.78,499.97,521.90,552.89
"Detached house","Three bed","Meath",681.57,705.04,758.16,849.19,914.04
"Detached house","Three bed","Monaghan",484.54,495.50,499.85,527.79,566.93
"Detached house","Three bed","Offaly",535.29,530.11,555.12,576.82,617.52
"Detached house","Three bed","Roscommon",436.69,444.10,463.25,485.38,510.04
"Detached house","Three bed","Sligo",518.56,515.17,521.20,540.18,593.07
"Detached house","Three bed","Tipperary",542.04,536.39,542.52,573.47,599.72
"Detached house","Three bed","Waterford",570.86,575.61,582.91,609.93,682.09
"Detached house","Three bed","Westmeath",508.19,513.36,538.53,593.56,625.79
"Detached house","Three bed","Wexford",566.98,569.16,591.38,626.40,662.58
"Detached house","Three bed","Wicklow",835.13,851.59,889.30,959.33,1049.64
"Detached house","1 to 2 bed","Carlow",504.52,493.57,505.11,551.49,589.58
"Detached house","1 to 2 bed","Cavan",346.06,355.55,367.14,401.29,418.11
"Detached house","1 to 2 bed","Clare",417.11,416.15,424.42,449.25,488.85
"Detached house","1 to 2 bed","Cork",561.45,562.38,588.79,629.78,682.14
"Detached house","1 to 2 bed","Donegal",353.53,350.31,360.27,381.15,395.55
"Detached house","1 to 2 bed","Dublin",1012.20,1061.69,1161.98,1243.95,1311.33
"Detached house","1 to 2 bed","Galway",521.90,517.71,548.48,573.51,637.46
"Detached house","1 to 2 bed","Kerry",466.03,477.91,483.01,480.11,517.54
"Detached house","1 to 2 bed","Kildare",613.91,657.44,700.60,739.97,839.67
"Detached house","1 to 2 bed","Kilkenny",477.31,486.93,513.73,566.90,602.03
"Detached house","1 to 2 bed","Laois",468.67,466.27,510.80,567.22,602.36
"Detached house","1 to 2 bed","Leitrim",345.86,340.30,357.64,395.91,414.00
"Detached house","1 to 2 bed","Limerick",513.09,506.09,507.02,548.08,591.95
"Detached house","1 to 2 bed","Longford",360.23,378.71,402.21,410.86,439.69
"Detached house","1 to 2 bed","Louth",549.08,562.33,590.61,628.08,668.76
"Detached house","1 to 2 bed","Mayo",448.27,450.09,426.11,436.05,459.23
"Detached house","1 to 2 bed","Meath",579.32,595.39,649.03,725.81,762.80
"Detached house","1 to 2 bed","Monaghan",0.00,385.42,429.70,452.87,481.94
"Detached house","1 to 2 bed","Offaly",412.88,420.18,430.13,450.22,477.58
"Detached house","1 to 2 bed","Roscommon",404.40,404.90,406.59,429.04,453.65
"Detached house","1 to 2 bed","Sligo",452.59,467.24,481.84,496.43,470.06
"Detached house","1 to 2 bed","Tipperary",452.75,453.74,463.91,474.72,494.21
"Detached house","1 to 2 bed","Waterford",480.09,467.44,480.57,522.72,546.27
"Detached house","1 to 2 bed","Westmeath",441.03,454.67,476.77,501.70,526.43
"Detached house","1 to 2 bed","Wexford",471.29,472.84,491.34,512.96,560.67
"Detached house","1 to 2 bed","Wicklow",701.44,714.15,739.51,816.75,869.80
"Detached house","1 to 3 bed","Carlow",548.32,553.34,583.74,619.24,661.43
"Detached house","1 to 3 bed","Cavan",417.87,420.59,429.78,463.99,503.81
"Detached house","1 to 3 bed","Clare",481.84,487.63,489.39,522.49,556.22
"Detached house","1 to 3 bed","Cork",644.70,658.07,682.91,728.58,777.67
"Detached house","1 to 3 bed","Donegal",422.54,408.28,418.40,435.66,461.46
"Detached house","1 to 3 bed","Dublin",1165.79,1222.68,1319.64,1401.11,1467.46
"Detached house","1 to 3 bed","Galway",586.63,587.06,625.49,659.27,714.26
"Detached house","1 to 3 bed","Kerry",511.35,514.85,532.53,551.00,587.12
"Detached house","1 to 3 bed","Kildare",741.86,769.92,828.23,915.04,987.91
"Detached house","1 to 3 bed","Kilkenny",545.63,549.13,581.01,630.59,673.10
"Detached house","1 to 3 bed","Laois",528.88,536.42,572.96,653.70,713.49
"Detached house","1 to 3 bed","Leitrim",393.53,389.66,399.57,423.13,444.97
"Detached house","1 to 3 bed","Limerick",545.80,539.60,547.26,598.77,631.72
"Detached house","1 to 3 bed","Longford",410.32,410.87,427.73,468.51,503.79
"Detached house","1 to 3 bed","Louth",631.32,644.13,684.19,751.14,832.97
"Detached house","1 to 3 bed","Mayo",481.07,484.05,482.46,500.11,527.63
"Detached house","1 to 3 bed","Meath",651.19,673.67,726.11,812.57,862.26
"Detached house","1 to 3 bed","Monaghan",458.26,471.04,482.19,509.06,546.19
"Detached house","1 to 3 bed","Offaly",501.23,502.52,519.34,535.45,578.55
"Detached house","1 to 3 bed","Roscommon",428.53,433.79,447.41,471.77,498.08
"Detached house","1 to 3 bed","Sligo",499.27,498.89,506.29,524.41,559.27
"Detached house","1 to 3 bed","Tipperary",510.53,507.69,514.23,540.94,564.49
"Detached house","1 to 3 bed","Waterford",543.98,549.99,557.97,580.68,639.32
"Detached house","1 to 3 bed","Westmeath",492.97,494.71,519.57,571.87,598.23
"Detached house","1 to 3 bed","Wexford",544.64,547.10,569.06,600.47,640.66
"Detached house","1 to 3 bed","Wicklow",783.48,800.21,833.79,903.85,977.92
"Detached house","Four plus bed","Carlow",719.80,692.99,707.27,762.76,797.24
"Detached house","Four plus bed","Cavan",519.80,516.57,540.36,589.33,604.92
"Detached house","Four plus bed","Clare",616.49,607.22,624.70,667.37,711.00
"Detached house","Four plus bed","Cork",861.02,887.31,937.91,955.25,1003.18
"Detached house","Four plus bed","Donegal",523.93,523.21,542.07,561.82,578.25
"Detached house","Four plus bed","Dublin",1598.38,1679.96,1750.86,1816.37,1899.92
"Detached house","Four plus bed","Galway",801.04,813.37,863.55,908.93,950.21
"Detached house","Four plus bed","Kerry",603.92,606.06,638.06,661.35,684.91
"Detached house","Four plus bed","Kildare",1022.81,1083.31,1172.18,1239.16,1272.43
"Detached house","Four plus bed","Kilkenny",714.29,724.05,753.27,808.55,832.81
"Detached house","Four plus bed","Laois",620.77,651.68,706.18,756.59,802.48
"Detached house","Four plus bed","Leitrim",451.51,472.80,492.89,515.31,544.77
"Detached house","Four plus bed","Limerick",782.31,780.58,811.07,848.85,925.20
"Detached house","Four plus bed","Longford",491.58,503.81,523.64,553.84,594.88
"Detached house","Four plus bed","Louth",783.16,822.73,889.20,963.47,1026.32
"Detached house","Four plus bed","Mayo",594.96,587.70,594.88,625.13,659.28
"Detached house","Four plus bed","Meath",854.14,905.78,982.33,1043.80,1079.69
"Detached house","Four plus bed","Monaghan",592.26,583.31,575.99,583.59,617.19
"Detached house","Four plus bed","Offaly",604.49,601.68,634.00,669.38,702.87
"Detached house","Four plus bed","Roscommon",512.58,525.55,532.04,557.83,601.14
"Detached house","Four plus bed","Sligo",663.85,669.56,692.37,717.47,732.03
"Detached house","Four plus bed","Tipperary",658.46,660.77,662.85,693.22,723.96
"Detached house","Four plus bed","Waterford",725.73,748.42,765.02,785.06,832.42
"Detached house","Four plus bed","Westmeath",642.62,656.24,677.82,704.72,750.42
"Detached house","Four plus bed","Wexford",649.62,651.81,687.22,726.33,773.98
"Detached house","Four plus bed","Wicklow",1049.14,1075.07,1135.14,1195.57,1226.38
"Detached house","All bedrooms","Carlow",644.03,627.65,647.90,698.60,739.92
"Detached house","All bedrooms","Cavan",478.60,477.86,493.76,535.84,561.11
"Detached house","All bedrooms","Clare",555.36,550.27,557.70,594.35,632.54
"Detached house","All bedrooms","Cork",745.58,762.76,794.87,824.68,873.62
"Detached house","All bedrooms","Donegal",474.81,472.88,485.06,500.88,520.68
"Detached house","All bedrooms","Dublin",1387.34,1450.63,1529.98,1592.39,1647.02
"Detached house","All bedrooms","Galway",718.60,728.59,769.58,807.74,851.12
"Detached house","All bedrooms","Kerry",557.49,559.93,582.51,604.03,637.03
"Detached house","All bedrooms","Kildare",898.22,941.58,1008.67,1083.84,1124.46
"Detached house","All bedrooms","Kilkenny",626.69,633.84,657.00,704.22,738.76
"Detached house","All bedrooms","Laois",573.82,593.05,638.15,701.79,753.28
"Detached house","All bedrooms","Leitrim",428.45,436.39,446.83,468.77,493.38
"Detached house","All bedrooms","Limerick",679.53,679.21,694.10,736.66,785.99
"Detached house","All bedrooms","Longford",458.83,464.57,484.89,518.48,554.62
"Detached house","All bedrooms","Louth",711.94,740.57,786.07,847.31,918.71
"Detached house","All bedrooms","Mayo",542.15,540.27,542.03,564.69,592.41
"Detached house","All bedrooms","Meath",766.80,799.26,856.85,921.04,962.76
"Detached house","All bedrooms","Monaghan",521.32,522.30,526.04,542.77,579.62
"Detached house","All bedrooms","Offaly",543.08,542.72,565.16,589.15,628.84
"Detached house","All bedrooms","Roscommon",473.40,482.89,490.62,515.74,549.17
"Detached house","All bedrooms","Sligo",592.79,598.22,605.46,621.15,648.83
"Detached house","All bedrooms","Tipperary",577.53,577.60,581.84,607.34,631.53
"Detached house","All bedrooms","Waterford",624.00,638.79,653.75,669.62,720.54
"Detached house","All bedrooms","Westmeath",559.70,567.90,591.23,630.86,661.36
"Detached house","All bedrooms","Wexford",592.67,592.72,620.87,654.82,694.49
"Detached house","All bedrooms","Wicklow",895.19,913.83,956.94,1035.20,1082.94
"Semi detached house","One bed","Carlow",0.00,0.00,0.00,0.00,0.00
"Semi detached house","One bed","Cavan",0.00,0.00,0.00,0.00,0.00
"Semi detached house","One bed","Clare",0.00,0.00,0.00,0.00,0.00
"Semi detached house","One bed","Cork",566.59,555.87,597.16,623.38,627.85
"Semi detached house","One bed","Donegal",0.00,0.00,0.00,0.00,0.00
"Semi detached house","One bed","Dublin",744.83,775.98,805.29,790.37,822.72
"Semi detached house","One bed","Galway",457.90,498.47,525.51,552.91,639.85
"Semi detached house","One bed","Kerry",0.00,0.00,0.00,0.00,0.00
"Semi detached house","One bed","Kildare",606.40,631.68,0.00,722.24,780.43
"Semi detached house","One bed","Kilkenny",0.00,0.00,0.00,0.00,0.00
"Semi detached house","One bed","Laois",0.00,0.00,0.00,0.00,0.00
"Semi detached house","One bed","Leitrim",0.00,0.00,0.00,0.00,0.00
"Semi detached house","One bed","Limerick",0.00,0.00,0.00,0.00,508.39
"Semi detached house","One bed","Longford",0.00,0.00,0.00,0.00,0.00
"Semi detached house","One bed","Louth",0.00,0.00,0.00,0.00,0.00
"Semi detached house","One bed","Mayo",0.00,0.00,0.00,0.00,0.00
"Semi detached house","One bed","Meath",0.00,0.00,0.00,0.00,0.00
"Semi detached house","One bed","Monaghan",0.00,0.00,0.00,0.00,0.00
"Semi detached house","One bed","Offaly",0.00,0.00,0.00,0.00,0.00
"Semi detached house","One bed","Roscommon",0.00,0.00,0.00,0.00,0.00
"Semi detached house","One bed","Sligo",0.00,0.00,0.00,0.00,0.00
"Semi detached house","One bed","Tipperary",0.00,0.00,0.00,0.00,0.00
"Semi detached house","One bed","Waterford",0.00,0.00,0.00,0.00,0.00
"Semi detached house","One bed","Westmeath",0.00,0.00,0.00,0.00,0.00
"Semi detached house","One bed","Wexford",0.00,0.00,0.00,0.00,0.00
"Semi detached house","One bed","Wicklow",592.85,0.00,0.00,0.00,0.00
"Semi detached house","Two bed","Carlow",526.33,536.35,549.31,574.38,610.33
"Semi detached house","Two bed","Cavan",393.86,406.23,436.53,451.54,476.32
"Semi detached house","Two bed","Clare",482.37,461.84,464.59,520.19,570.54
"Semi detached house","Two bed","Cork",647.97,672.62,721.04,768.25,828.88
"Semi detached house","Two bed","Donegal",402.68,401.74,401.85,414.63,438.34
"Semi detached house","Two bed","Dublin",1005.03,1052.38,1113.01,1213.06,1316.70
"Semi detached house","Two bed","Galway",583.17,592.06,628.19,700.20,730.99
"Semi detached house","Two bed","Kerry",495.35,515.32,523.01,522.05,559.66
"Semi detached house","Two bed","Kildare",701.83,734.40,830.14,909.57,969.32
"Semi detached house","Two bed","Kilkenny",552.34,557.14,572.03,583.08,646.45
"Semi detached house","Two bed","Laois",473.21,493.13,539.28,601.73,643.20
"Semi detached house","Two bed","Leitrim",0.00,0.00,0.00,0.00,0.00
"Semi detached house","Two bed","Limerick",524.03,530.41,544.38,591.66,642.34
"Semi detached house","Two bed","Longford",358.79,379.79,393.43,413.03,454.69
"Semi detached house","Two bed","Louth",566.97,573.68,593.30,679.82,780.76
"Semi detached house","Two bed","Mayo",461.02,460.48,471.18,486.08,502.69
"Semi detached house","Two bed","Meath",607.11,638.57,679.84,751.07,782.93
"Semi detached house","Two bed","Monaghan",396.51,414.24,451.92,490.73,512.55
"Semi detached house","Two bed","Offaly",488.04,482.55,505.40,545.97,584.59
"Semi detached house","Two bed","Roscommon",402.55,396.04,400.51,405.93,448.26
"Semi detached house","Two bed","Sligo",460.43,484.17,502.72,518.89,569.88
"Semi detached house","Two bed","Tipperary",508.30,513.29,518.53,534.22,559.16
"Semi detached house","Two bed","Waterford",474.97,482.85,491.30,538.01,593.70
"Semi detached house","Two bed","Westmeath",471.48,486.12,492.82,527.93,560.78
"Semi detached house","Two bed","Wexford",515.29,513.26,527.67,561.82,595.73
"Semi detached house","Two bed","Wicklow",775.08,800.88,839.00,931.27,1030.53
"Semi detached house","Three bed","Carlow",603.87,607.88,630.84,662.91,705.15
"Semi detached house","Three bed","Cavan",440.80,440.13,464.02,507.74,551.69
"Semi detached house","Three bed","Clare",526.51,526.88,552.53,588.51,626.77
"Semi detached house","Three bed","Cork",722.81,742.20,793.96,862.84,918.84
"Semi detached house","Three bed","Donegal",444.66,448.03,465.83,502.49,527.03
"Semi detached house","Three bed","Dublin",1095.26,1137.59,1220.80,1319.33,1392.42
"Semi detached house","Three bed","Galway",716.25,730.07,772.97,814.58,865.97
"Semi detached house","Three bed","Kerry",557.99,568.48,584.05,608.11,639.23
"Semi detached house","Three bed","Kildare",811.97,850.05,915.24,993.68,1057.10
"Semi detached house","Three bed","Kilkenny",605.04,623.39,659.36,709.69,762.68
"Semi detached house","Three bed","Laois",536.78,554.63,593.09,644.99,700.17
"Semi detached house","Three bed","Leitrim",400.14,404.13,418.77,445.87,482.65
"Semi detached house","Three bed","Limerick",631.52,639.17,668.72,714.02,768.11
"Semi detached house","Three bed","Longford",407.30,417.95,442.30,474.96,521.97
"Semi detached house","Three bed","Louth",640.17,656.69,699.35,778.26,872.66
"Semi detached house","Three bed","Mayo",501.63,501.01,513.45,534.20,556.88
"Semi detached house","Three bed","Meath",698.68,735.98,806.31,890.91,969.59
"Semi detached house","Three bed","Monaghan",508.14,516.16,529.17,544.53,574.77
"Semi detached house","Three bed","Offaly",550.45,564.94,585.31,620.90,657.84
"Semi detached house","Three bed","Roscommon",450.46,458.35,468.49,483.55,515.38
"Semi detached house","Three bed","Sligo",596.09,587.19,612.71,645.33,677.09
"Semi detached house","Three bed","Tipperary",565.01,568.24,584.52,602.60,636.28
"Semi detached house","Three bed","Waterford",620.27,620.32,639.77,671.26,707.44
"Semi detached house","Three bed","Westmeath",537.54,546.26,574.61,622.60,667.07
"Semi detached house","Three bed","Wexford",581.80,583.35,599.72,625.74,660.97
"Semi detached house","Three bed","Wicklow",878.02,923.53,997.52,1058.08,1143.27
"Semi detached house","1 to 2 bed","Carlow",516.34,523.03,533.55,570.79,599.35
"Semi detached house","1 to 2 bed","Cavan",392.55,407.43,430.95,441.75,469.29
"Semi detached house","1 to 2 bed","Clare",476.60,453.08,460.14,509.24,556.48
"Semi detached house","1 to 2 bed","Cork",639.38,659.41,703.77,744.90,797.66
"Semi detached house","1 to 2 bed","Donegal",384.83,394.07,399.51,413.91,441.42
"Semi detached house","1 to 2 bed","Dublin",970.59,1014.16,1068.96,1158.46,1260.57
"Semi detached house","1 to 2 bed","Galway",566.61,578.56,612.84,680.80,716.92
"Semi detached house","1 to 2 bed","Kerry",487.33,506.35,513.22,510.56,552.35
"Semi detached house","1 to 2 bed","Kildare",685.23,718.00,805.85,878.67,937.38
"Semi detached house","1 to 2 bed","Kilkenny",531.61,538.26,554.62,566.65,630.69
"Semi detached house","1 to 2 bed","Laois",469.41,487.94,535.78,598.14,640.42
"Semi detached house","1 to 2 bed","Leitrim",0.00,0.00,0.00,0.00,0.00
"Semi detached house","1 to 2 bed","Limerick",518.06,515.45,529.27,575.82,622.74
"Semi detached house","1 to 2 bed","Longford",344.32,361.07,380.49,396.82,433.66
"Semi detached house","1 to 2 bed","Louth",554.05,566.39,582.60,661.91,769.00
"Semi detached house","1 to 2 bed","Mayo",457.43,454.98,463.82,476.94,495.88
"Semi detached house","1 to 2 bed","Meath",594.17,622.13,657.86,744.30,786.19
"Semi detached house","1 to 2 bed","Monaghan",403.70,413.48,449.46,481.14,509.49
"Semi detached house","1 to 2 bed","Offaly",481.45,477.91,498.20,540.31,578.83
"Semi detached house","1 to 2 bed","Roscommon",401.97,395.88,399.67,406.28,448.29
"Semi detached house","1 to 2 bed","Sligo",445.60,475.15,488.47,495.72,551.93
"Semi detached house","1 to 2 bed","Tipperary",493.66,500.41,511.50,524.54,548.33
"Semi detached house","1 to 2 bed","Waterford",473.84,479.35,486.74,534.59,590.96
"Semi detached house","1 to 2 bed","Westmeath",462.75,478.83,484.68,521.28,553.01
"Semi detached house","1 to 2 bed","Wexford",511.63,510.67,523.71,555.51,586.57
"Semi detached house","1 to 2 bed","Wicklow",751.45,774.50,810.15,910.62,1007.67
"Semi detached house","1 to 3 bed","Carlow",596.57,600.37,621.31,653.68,693.50
"Semi detached house","1 to 3 bed","Cavan",436.32,437.08,460.49,499.65,542.50
"Semi detached house","1 to 3 bed","Clare",520.72,516.75,537.77,574.63,616.55
"Semi detached house","1 to 3 bed","Cork",711.57,731.02,780.98,844.89,900.66
"Semi detached house","1 to 3 bed","Donegal",438.96,443.05,459.80,493.93,518.93
"Semi detached house","1 to 3 bed","Dublin",1075.74,1118.16,1196.28,1292.27,1369.33
"Semi detached house","1 to 3 bed","Galway",695.01,708.10,750.63,794.42,841.29
"Semi detached house","1 to 3 bed","Kerry",549.98,562.44,577.10,598.03,629.50
"Semi detached house","1 to 3 bed","Kildare",800.62,837.66,905.36,982.79,1044.85
"Semi detached house","1 to 3 bed","Kilkenny",595.68,613.45,644.93,689.08,747.55
"Semi detached house","1 to 3 bed","Laois",528.55,546.72,585.59,638.94,691.56
"Semi detached house","1 to 3 bed","Leitrim",398.20,403.74,418.22,442.49,480.12
"Semi detached house","1 to 3 bed","Limerick",619.43,626.24,654.37,698.28,749.35
"Semi detached house","1 to 3 bed","Longford",397.74,408.27,432.48,464.83,511.68
"Semi detached house","1 to 3 bed","Louth",628.53,643.77,681.39,760.75,857.59
"Semi detached house","1 to 3 bed","Mayo",495.74,494.47,506.50,526.27,548.37
"Semi detached house","1 to 3 bed","Meath",685.96,724.48,792.42,875.29,947.14
"Semi detached house","1 to 3 bed","Monaghan",493.28,503.68,519.89,536.55,566.02
"Semi detached house","1 to 3 bed","Offaly",539.26,552.08,571.92,606.43,644.56
"Semi detached house","1 to 3 bed","Roscommon",440.94,446.64,457.17,468.95,501.72
"Semi detached house","1 to 3 bed","Sligo",581.74,576.24,600.20,630.59,666.62
"Semi detached house","1 to 3 bed","Tipperary",553.84,558.00,573.27,590.03,622.13
"Semi detached house","1 to 3 bed","Waterford",602.66,603.34,619.92,651.84,691.73
"Semi detached house","1 to 3 bed","Westmeath",528.26,537.51,562.51,610.36,652.37
"Semi detached house","1 to 3 bed","Wexford",567.08,566.54,581.12,608.90,643.51
"Semi detached house","1 to 3 bed","Wicklow",842.89,882.19,949.45,1022.05,1114.18
"Semi detached house","Four plus bed","Carlow",703.52,707.56,726.30,765.09,792.53
"Semi detached house","Four plus bed","Cavan",496.97,505.06,522.87,570.15,612.56
"Semi detached house","Four plus bed","Clare",568.50,571.58,598.58,644.89,679.52
"Semi detached house","Four plus bed","Cork",907.84,955.23,1033.18,1073.17,1105.31
"Semi detached house","Four plus bed","Donegal",502.45,505.72,514.49,537.48,569.53
"Semi detached house","Four plus bed","Dublin",1400.35,1489.27,1584.36,1655.01,1736.88
"Semi detached house","Four plus bed","Galway",901.24,921.23,974.22,1022.11,1087.55
"Semi detached house","Four plus bed","Kerry",612.59,613.14,628.10,655.76,697.44
"Semi detached house","Four plus bed","Kildare",950.61,1005.44,1090.79,1161.25,1210.77
"Semi detached house","Four plus bed","Kilkenny",700.92,715.21,757.10,806.83,849.50
"Semi detached house","Four plus bed","Laois",591.18,602.19,651.15,737.83,796.74
"Semi detached house","Four plus bed","Leitrim",441.09,444.00,458.31,508.78,552.27
"Semi detached house","Four plus bed","Limerick",818.40,851.14,884.42,934.44,1011.67
"Semi detached house","Four plus bed","Longford",454.77,454.35,479.28,529.95,586.24
"Semi detached house","Four plus bed","Louth",745.42,755.53,818.14,906.96,973.51
"Semi detached house","Four plus bed","Mayo",554.67,554.02,562.35,575.61,606.14
"Semi detached house","Four plus bed","Meath",765.61,797.89,881.59,1000.45,1056.44
"Semi detached house","Four plus bed","Monaghan",565.28,566.30,569.26,613.03,639.75
"Semi detached house","Four plus bed","Offaly",602.31,610.26,640.42,700.50,754.92
"Semi detached house","Four plus bed","Roscommon",508.34,513.31,529.42,557.45,586.55
"Semi detached house","Four plus bed","Sligo",647.62,659.24,699.73,718.44,729.86
"Semi detached house","Four plus bed","Tipperary",616.18,619.04,646.93,669.20,690.60
"Semi detached house","Four plus bed","Waterford",675.46,679.50,690.52,724.38,750.77
"Semi detached house","Four plus bed","Westmeath",603.35,611.97,649.54,702.85,747.18
"Semi detached house","Four plus bed","Wexford",628.99,628.13,656.93,683.72,731.63
"Semi detached house","Four plus bed","Wicklow",1053.71,1125.55,1190.45,1248.87,1371.69
"Semi detached house","All bedrooms","Carlow",615.12,620.48,641.32,673.48,713.48
"Semi detached house","All bedrooms","Cavan",458.17,461.44,480.68,520.35,564.95
"Semi detached house","All bedrooms","Clare",536.93,534.65,557.27,596.58,635.45
"Semi detached house","All bedrooms","Cork",762.27,786.85,843.18,900.82,948.10
"Semi detached house","All bedrooms","Donegal",458.57,462.27,476.50,507.13,533.81
"Semi detached house","All bedrooms","Dublin",1158.49,1215.41,1295.98,1383.51,1461.71
"Semi detached house","All bedrooms","Galway",793.51,811.03,861.50,906.75,962.37
"Semi detached house","All bedrooms","Kerry",564.02,574.43,588.75,610.59,644.70
"Semi detached house","All bedrooms","Kildare",839.01,879.45,953.62,1030.70,1087.46
"Semi detached house","All bedrooms","Kilkenny",620.46,637.30,673.86,718.86,768.39
"Semi detached house","All bedrooms","Laois",539.23,557.48,598.78,659.56,711.96
"Semi detached house","All bedrooms","Leitrim",407.72,413.93,428.06,456.92,495.43
"Semi detached house","All bedrooms","Limerick",697.43,714.14,746.18,790.73,849.61
"Semi detached house","All bedrooms","Longford",409.39,418.55,441.83,477.50,527.49
"Semi detached house","All bedrooms","Louth",653.75,668.21,711.00,792.58,882.35
"Semi detached house","All bedrooms","Mayo",516.80,516.89,527.70,543.96,568.13
"Semi detached house","All bedrooms","Meath",713.45,749.45,823.61,918.78,982.56
"Semi detached house","All bedrooms","Monaghan",514.82,521.44,533.67,559.20,588.79
"Semi detached house","All bedrooms","Offaly",553.20,564.52,587.04,627.95,665.91
"Semi detached house","All bedrooms","Roscommon",463.38,467.44,477.19,493.86,527.75
"Semi detached house","All bedrooms","Sligo",603.29,603.16,631.85,659.46,688.06
"Semi detached house","All bedrooms","Tipperary",566.90,570.86,587.75,604.51,634.39
"Semi detached house","All bedrooms","Waterford",620.57,621.29,635.56,667.45,704.33
"Semi detached house","All bedrooms","Westmeath",556.86,564.72,593.31,642.51,684.81
"Semi detached house","All bedrooms","Wexford",577.88,576.74,594.43,621.99,658.20
"Semi detached house","All bedrooms","Wicklow",885.64,930.95,994.56,1061.35,1155.79
"Terrace house","One bed","Carlow",0.00,0.00,0.00,0.00,0.00
"Terrace house","One bed","Cavan",0.00,0.00,0.00,0.00,0.00
"Terrace house","One bed","Clare",0.00,0.00,0.00,0.00,0.00
"Terrace house","One bed","Cork",535.72,553.43,623.02,665.70,719.15
"Terrace house","One bed","Donegal",0.00,0.00,0.00,0.00,0.00
"Terrace house","One bed","Dublin",752.81,796.15,901.71,976.60,1040.10
"Terrace house","One bed","Galway",0.00,0.00,0.00,0.00,0.00
"Terrace house","One bed","Kerry",0.00,0.00,0.00,0.00,0.00
"Terrace house","One bed","Kildare",513.00,537.23,555.26,626.55,0.00
"Terrace house","One bed","Kilkenny",0.00,0.00,0.00,0.00,0.00
"Terrace house","One bed","Laois",0.00,0.00,0.00,0.00,0.00
"Terrace house","One bed","Leitrim",0.00,0.00,0.00,0.00,0.00
"Terrace house","One bed","Limerick",0.00,0.00,466.31,447.04,437.53
"Terrace house","One bed","Longford",0.00,0.00,0.00,340.56,362.75
"Terrace house","One bed","Louth",0.00,0.00,0.00,0.00,0.00
"Terrace house","One bed","Mayo",420.70,416.49,0.00,0.00,0.00
"Terrace house","One bed","Meath",0.00,0.00,0.00,0.00,0.00
"Terrace house","One bed","Monaghan",0.00,0.00,0.00,0.00,0.00
"Terrace house","One bed","Offaly",0.00,0.00,0.00,0.00,0.00
"Terrace house","One bed","Roscommon",0.00,0.00,0.00,0.00,0.00
"Terrace house","One bed","Sligo",0.00,0.00,0.00,0.00,0.00
"Terrace house","One bed","Tipperary",376.68,368.13,373.17,416.14,419.44
"Terrace house","One bed","Waterford",410.59,405.08,419.57,415.09,473.22
"Terrace house","One bed","Westmeath",0.00,0.00,0.00,0.00,0.00
"Terrace house","One bed","Wexford",408.46,0.00,0.00,0.00,0.00
"Terrace house","One bed","Wicklow",609.13,622.65,673.67,766.31,823.93
"Terrace house","Two bed","Carlow",569.49,532.97,555.03,592.38,616.64
"Terrace house","Two bed","Cavan",380.27,380.76,391.67,415.88,440.67
"Terrace house","Two bed","Clare",485.64,476.80,471.60,488.63,529.85
"Terrace house","Two bed","Cork",654.09,674.15,717.29,798.93,861.30
"Terrace house","Two bed","Donegal",386.11,371.18,384.00,424.88,452.65
"Terrace house","Two bed","Dublin",966.62,1026.94,1104.77,1180.51,1255.76
"Terrace house","Two bed","Galway",663.12,676.75,726.66,778.41,843.39
"Terrace house","Two bed","Kerry",491.51,492.15,497.51,514.37,571.48
"Terrace house","Two bed","Kildare",743.06,785.88,838.75,905.20,971.88
"Terrace house","Two bed","Kilkenny",526.37,550.63,580.36,610.38,646.44
"Terrace house","Two bed","Laois",444.93,471.46,518.86,567.38,610.25
"Terrace house","Two bed","Leitrim",0.00,0.00,357.17,383.93,0.00
"Terrace house","Two bed","Limerick",535.26,544.12,559.04,604.90,652.95
"Terrace house","Two bed","Longford",359.35,368.27,390.51,418.57,457.92
"Terrace house","Two bed","Louth",558.99,577.76,624.95,699.56,769.08
"Terrace house","Two bed","Mayo",460.39,469.21,479.16,482.07,506.28
"Terrace house","Two bed","Meath",646.20,681.50,720.86,799.93,872.79
"Terrace house","Two bed","Monaghan",421.83,416.39,469.63,492.87,513.69
"Terrace house","Two bed","Offaly",500.55,504.71,518.51,546.67,606.18
"Terrace house","Two bed","Roscommon",392.63,396.07,398.05,427.09,465.82
"Terrace house","Two bed","Sligo",509.38,494.29,510.17,526.75,561.64
"Terrace house","Two bed","Tipperary",480.45,484.39,498.68,521.40,542.32
"Terrace house","Two bed","Waterford",496.49,490.30,502.87,537.08,587.75
"Terrace house","Two bed","Westmeath",471.69,478.12,511.63,535.20,568.55
"Terrace house","Two bed","Wexford",501.05,500.82,514.61,549.67,586.69
"Terrace house","Two bed","Wicklow",791.13,851.89,899.08,944.25,999.73
"Terrace house","Three bed","Carlow",582.57,591.27,624.90,657.73,686.09
"Terrace house","Three bed","Cavan",416.68,421.44,464.26,491.47,518.51
"Terrace house","Three bed","Clare",510.77,510.91,529.15,577.63,604.62
"Terrace house","Three bed","Cork",732.81,750.04,794.83,864.95,927.62
"Terrace house","Three bed","Donegal",440.63,447.10,444.22,455.45,474.72
"Terrace house","Three bed","Dublin",1087.79,1152.63,1244.17,1330.04,1421.28
"Terrace house","Three bed","Galway",740.01,770.82,816.62,874.63,936.20
"Terrace house","Three bed","Kerry",535.37,540.40,555.26,590.16,617.99
"Terrace house","Three bed","Kildare",802.08,861.91,940.97,989.62,1062.42
"Terrace house","Three bed","Kilkenny",590.59,608.81,644.95,691.08,731.95
"Terrace house","Three bed","Laois",512.04,534.76,580.22,625.87,669.93
"Terrace house","Three bed","Leitrim",369.00,377.56,383.88,416.64,448.75
"Terrace house","Three bed","Limerick",616.72,622.93,650.44,696.45,746.53
"Terrace house","Three bed","Longford",408.27,416.52,432.27,470.68,524.26
"Terrace house","Three bed","Louth",610.81,628.99,676.43,744.03,828.72
"Terrace house","Three bed","Mayo",512.22,501.42,510.78,543.83,569.34
"Terrace house","Three bed","Meath",709.42,740.96,816.52,891.76,975.41
"Terrace house","Three bed","Monaghan",487.87,496.22,491.48,520.39,554.61
"Terrace house","Three bed","Offaly",535.83,549.10,577.91,608.63,643.42
"Terrace house","Three bed","Roscommon",478.74,461.95,475.01,506.63,544.90
"Terrace house","Three bed","Sligo",564.86,571.40,580.09,585.09,637.88
"Terrace house","Three bed","Tipperary",536.14,539.07,545.58,568.51,592.65
"Terrace house","Three bed","Waterford",570.87,566.69,583.95,613.54,660.46
"Terrace house","Three bed","Westmeath",534.99,540.03,566.52,606.06,641.10
"Terrace house","Three bed","Wexford",559.94,559.23,573.07,601.73,645.18
"Terrace house","Three bed","Wicklow",827.71,881.60,934.70,989.12,1056.88
"Terrace house","1 to 2 bed","Carlow",554.91,522.57,543.14,579.26,607.90
"Terrace house","1 to 2 bed","Cavan",376.54,377.39,390.14,413.36,437.78
"Terrace house","1 to 2 bed","Clare",478.60,466.23,455.96,475.38,513.19
"Terrace house","1 to 2 bed","Cork",637.44,658.09,706.13,783.65,844.79
"Terrace house","1 to 2 bed","Donegal",380.31,369.22,382.94,419.09,445.12
"Terrace house","1 to 2 bed","Dublin",947.18,1008.60,1087.72,1161.77,1237.78
"Terrace house","1 to 2 bed","Galway",656.50,669.59,725.27,779.07,838.38
"Terrace house","1 to 2 bed","Kerry",478.82,482.34,490.67,508.78,562.69
"Terrace house","1 to 2 bed","Kildare",727.65,769.30,817.26,887.39,959.26
"Terrace house","1 to 2 bed","Kilkenny",520.79,546.86,571.39,598.12,636.37
"Terrace house","1 to 2 bed","Laois",442.63,467.54,514.15,560.22,603.93
"Terrace house","1 to 2 bed","Leitrim",0.00,340.18,355.67,382.42,402.71
"Terrace house","1 to 2 bed","Limerick",521.42,532.90,548.04,581.47,628.00
"Terrace house","1 to 2 bed","Longford",357.22,358.41,372.23,395.55,425.38
"Terrace house","1 to 2 bed","Louth",555.97,572.80,618.69,690.60,762.94
"Terrace house","1 to 2 bed","Mayo",452.70,459.68,470.55,475.33,495.41
"Terrace house","1 to 2 bed","Meath",637.66,667.82,705.26,784.86,858.48
"Terrace house","1 to 2 bed","Monaghan",415.34,407.87,459.27,480.39,498.07
"Terrace house","1 to 2 bed","Offaly",494.93,502.50,519.42,543.16,599.64
"Terrace house","1 to 2 bed","Roscommon",391.36,395.50,403.05,431.49,465.58
"Terrace house","1 to 2 bed","Sligo",507.06,488.74,506.33,524.05,557.21
"Terrace house","1 to 2 bed","Tipperary",465.86,465.64,483.14,510.77,527.96
"Terrace house","1 to 2 bed","Waterford",487.14,481.68,495.49,518.47,569.39
"Terrace house","1 to 2 bed","Westmeath",468.39,478.72,509.39,529.91,565.20
"Terrace house","1 to 2 bed","Wexford",495.94,496.97,511.57,546.12,581.64
"Terrace house","1 to 2 bed","Wicklow",759.32,823.37,868.29,917.41,975.04
"Terrace house","1 to 3 bed","Carlow",573.56,570.52,601.31,633.81,659.71
"Terrace house","1 to 3 bed","Cavan",408.06,410.88,443.43,470.31,499.32
"Terrace house","1 to 3 bed","Clare",503.07,499.45,511.03,552.20,580.22
"Terrace house","1 to 3 bed","Cork",693.65,712.39,758.14,830.16,891.46
"Terrace house","1 to 3 bed","Donegal",419.89,418.89,425.88,445.24,465.40
"Terrace house","1 to 3 bed","Dublin",1023.25,1086.17,1172.86,1254.87,1339.18
"Terrace house","1 to 3 bed","Galway",716.58,742.72,792.18,849.87,908.66
"Terrace house","1 to 3 bed","Kerry",520.26,524.05,536.43,567.21,602.35
"Terrace house","1 to 3 bed","Kildare",767.13,814.92,878.66,937.70,1006.59
"Terrace house","1 to 3 bed","Kilkenny",572.34,592.14,623.39,662.17,700.29
"Terrace house","1 to 3 bed","Laois",490.11,514.02,561.00,606.80,650.17
"Terrace house","1 to 3 bed","Leitrim",356.65,366.83,374.48,403.59,434.33
"Terrace house","1 to 3 bed","Limerick",588.76,595.57,619.29,660.37,711.04
"Terrace house","1 to 3 bed","Longford",386.85,391.84,405.03,433.42,472.84
"Terrace house","1 to 3 bed","Louth",588.16,605.41,653.14,723.10,801.94
"Terrace house","1 to 3 bed","Mayo",489.66,485.88,496.37,520.41,541.68
"Terrace house","1 to 3 bed","Meath",682.76,711.68,773.69,852.77,935.21
"Terrace house","1 to 3 bed","Monaghan",464.30,465.95,478.19,504.13,535.24
"Terrace house","1 to 3 bed","Offaly",516.71,527.65,551.24,577.51,622.35
"Terrace house","1 to 3 bed","Roscommon",445.91,437.61,446.92,476.50,513.93
"Terrace house","1 to 3 bed","Sligo",543.24,545.46,558.31,562.97,608.68
"Terrace house","1 to 3 bed","Tipperary",509.18,510.22,521.68,544.94,567.17
"Terrace house","1 to 3 bed","Waterford",532.77,526.76,541.24,566.16,615.73
"Terrace house","1 to 3 bed","Westmeath",511.84,516.57,545.21,576.33,611.76
"Terrace house","1 to 3 bed","Wexford",524.08,524.10,538.36,571.37,610.02
"Terrace house","1 to 3 bed","Wicklow",787.09,848.39,894.86,946.28,1012.12
"Terrace house","Four plus bed","Carlow",683.38,686.91,721.79,748.76,738.08
"Terrace house","Four plus bed","Cavan",0.00,0.00,531.36,555.41,568.38
"Terrace house","Four plus bed","Clare",536.91,514.45,514.15,590.52,650.88
"Terrace house","Four plus bed","Cork",995.43,1005.72,1041.96,1130.31,1226.43
"Terrace house","Four plus bed","Donegal",0.00,452.92,493.54,526.67,511.46
"Terrace house","Four plus bed","Dublin",1521.29,1553.33,1636.10,1757.12,1809.71
"Terrace house","Four plus bed","Galway",1030.84,1076.06,1126.60,1230.44,1287.77
"Terrace house","Four plus bed","Kerry",532.41,509.21,500.94,512.86,472.90
"Terrace house","Four plus bed","Kildare",1109.28,1190.45,1221.07,1281.36,1335.85
"Terrace house","Four plus bed","Kilkenny",678.24,702.89,741.08,805.27,831.63
"Terrace house","Four plus bed","Laois",0.00,0.00,0.00,0.00,0.00
"Terrace house","Four plus bed","Leitrim",0.00,0.00,0.00,0.00,0.00
"Terrace house","Four plus bed","Limerick",760.96,797.47,808.02,828.22,968.28
"Terrace house","Four plus bed","Longford",0.00,0.00,0.00,0.00,0.00
"Terrace house","Four plus bed","Louth",727.27,721.88,784.87,920.86,993.91
"Terrace house","Four plus bed","Mayo",550.44,526.53,539.44,583.39,658.55
"Terrace house","Four plus bed","Meath",806.90,843.70,962.17,1034.42,1090.52
"Terrace house","Four plus bed","Monaghan",0.00,0.00,0.00,0.00,0.00
"Terrace house","Four plus bed","Offaly",573.49,588.74,0.00,0.00,0.00
"Terrace house","Four plus bed","Roscommon",0.00,0.00,0.00,0.00,0.00
"Terrace house","Four plus bed","Sligo",983.54,910.54,821.48,1068.70,1036.15
"Terrace house","Four plus bed","Tipperary",567.77,568.45,554.18,572.47,621.03
"Terrace house","Four plus bed","Waterford",696.08,689.37,730.18,763.39,779.01
"Terrace house","Four plus bed","Westmeath",597.70,638.69,719.10,730.46,744.24
"Terrace house","Four plus bed","Wexford",594.46,600.82,616.01,664.96,706.86
"Terrace house","Four plus bed","Wicklow",998.09,1027.86,0.00,0.00,1303.06
"Terrace house","All bedrooms","Carlow",588.02,584.62,616.11,647.89,671.28
"Terrace house","All bedrooms","Cavan",411.51,419.88,455.69,483.43,510.50
"Terrace house","All bedrooms","Clare",505.64,500.53,511.33,555.92,585.32
"Terrace house","All bedrooms","Cork",742.82,761.11,803.70,876.78,942.56
"Terrace house","All bedrooms","Donegal",428.18,422.68,434.69,456.70,470.38
"Terrace house","All bedrooms","Dublin",1075.45,1132.17,1211.40,1294.23,1375.59
"Terrace house","All bedrooms","Galway",793.46,829.73,875.85,946.89,1004.07
"Terrace house","All bedrooms","Kerry",521.65,522.59,533.09,561.49,584.91
"Terrace house","All bedrooms","Kildare",791.14,841.14,900.42,959.92,1027.21
"Terrace house","All bedrooms","Kilkenny",583.37,603.83,635.05,676.57,711.17
"Terrace house","All bedrooms","Laois",491.03,515.87,563.69,610.17,656.41
"Terrace house","All bedrooms","Leitrim",357.85,367.04,378.46,407.31,443.13
"Terrace house","All bedrooms","Limerick",625.57,636.86,659.44,697.82,762.44
"Terrace house","All bedrooms","Longford",392.54,394.14,405.03,436.51,481.44
"Terrace house","All bedrooms","Louth",596.68,612.10,660.92,735.63,814.60
"Terrace house","All bedrooms","Mayo",494.95,489.87,501.32,527.71,555.48
"Terrace house","All bedrooms","Meath",690.64,720.31,789.78,869.16,947.77
"Terrace house","All bedrooms","Monaghan",473.46,473.58,487.90,514.62,544.53
"Terrace house","All bedrooms","Offaly",522.12,532.85,556.37,584.62,622.65
"Terrace house","All bedrooms","Roscommon",449.29,442.18,453.15,482.16,523.27
"Terrace house","All bedrooms","Sligo",633.39,606.16,586.48,622.47,664.54
"Terrace house","All bedrooms","Tipperary",513.13,514.57,524.29,547.19,571.19
"Terrace house","All bedrooms","Waterford",549.94,541.31,559.09,584.14,630.78
"Terrace house","All bedrooms","Westmeath",522.60,528.49,561.80,596.63,627.38
"Terrace house","All bedrooms","Wexford",527.87,528.03,542.22,575.48,613.90
"Terrace house","All bedrooms","Wicklow",796.11,855.63,902.19,956.95,1027.37
"Apartment","One bed","Carlow",465.63,456.33,486.16,509.81,523.91
"Apartment","One bed","Cavan",347.64,354.37,362.03,401.82,434.60
"Apartment","One bed","Clare",373.97,378.08,397.00,412.87,439.42
"Apartment","One bed","Cork",583.05,601.40,637.50,691.35,745.92
"Apartment","One bed","Donegal",343.99,343.01,356.59,380.12,397.03
"Apartment","One bed","Dublin",840.91,904.76,998.18,1076.54,1175.82
"Apartment","One bed","Galway",563.51,585.78,620.63,658.63,688.55
"Apartment","One bed","Kerry",435.05,443.23,449.70,465.22,500.87
"Apartment","One bed","Kildare",560.02,600.58,659.93,716.13,772.32
"Apartment","One bed","Kilkenny",467.65,479.46,518.26,561.20,602.93
"Apartment","One bed","Laois",388.77,413.32,445.30,467.67,499.54
"Apartment","One bed","Leitrim",315.45,316.92,329.27,356.05,371.77
"Apartment","One bed","Limerick",467.69,477.97,495.50,523.61,576.94
"Apartment","One bed","Longford",300.04,309.06,328.10,363.06,408.47
"Apartment","One bed","Louth",489.84,506.25,537.25,586.09,657.23
"Apartment","One bed","Mayo",396.33,386.87,406.36,427.97,442.71
"Apartment","One bed","Meath",505.31,539.50,596.88,642.92,703.93
"Apartment","One bed","Monaghan",423.24,425.73,434.90,441.54,471.56
"Apartment","One bed","Offaly",414.42,423.49,433.10,456.45,487.52
"Apartment","One bed","Roscommon",358.12,357.67,367.24,393.33,417.89
"Apartment","One bed","Sligo",481.61,481.87,489.83,518.59,526.08
"Apartment","One bed","Tipperary",394.15,402.33,409.85,430.42,459.36
"Apartment","One bed","Waterford",421.45,423.23,442.77,483.71,527.03
"Apartment","One bed","Westmeath",435.79,435.65,461.67,496.18,519.52
"Apartment","One bed","Wexford",412.96,416.14,428.61,453.82,494.15
"Apartment","One bed","Wicklow",666.09,717.64,790.55,857.64,898.15
"Apartment","Two bed","Carlow",536.13,563.42,579.96,591.75,639.32
"Apartment","Two bed","Cavan",399.02,407.89,430.20,466.24,498.60
"Apartment","Two bed","Clare",460.50,469.54,487.16,514.93,562.65
"Apartment","Two bed","Cork",736.49,764.00,813.77,884.82,955.22
"Apartment","Two bed","Donegal",426.64,417.87,432.74,462.34,496.96
"Apartment","Two bed","Dublin",1030.12,1109.44,1219.63,1307.77,1403.19
"Apartment","Two bed","Galway",720.45,740.91,788.95,849.66,895.52
"Apartment","Two bed","Kerry",523.69,534.22,559.92,601.63,644.47
"Apartment","Two bed","Kildare",721.18,764.82,842.11,920.80,991.15
"Apartment","Two bed","Kilkenny",570.74,595.13,636.97,687.39,735.70
"Apartment","Two bed","Laois",462.78,482.22,523.44,584.84,650.95
"Apartment","Two bed","Leitrim",362.93,373.99,385.69,414.95,446.05
"Apartment","Two bed","Limerick",571.73,561.72,578.07,635.97,712.74
"Apartment","Two bed","Longford",338.84,345.21,376.23,422.21,459.46
"Apartment","Two bed","Louth",570.48,595.04,656.06,728.68,815.24
"Apartment","Two bed","Mayo",489.26,496.31,506.08,524.52,558.24
"Apartment","Two bed","Meath",624.06,661.85,730.12,808.60,900.53
"Apartment","Two bed","Monaghan",481.73,481.87,504.10,528.20,542.86
"Apartment","Two bed","Offaly",491.23,497.13,515.55,535.69,563.12
"Apartment","Two bed","Roscommon",399.20,395.71,416.05,438.52,463.33
"Apartment","Two bed","Sligo",506.41,539.77,544.21,509.29,544.17
"Apartment","Two bed","Tipperary",466.72,469.56,488.40,510.59,533.25
"Apartment","Two bed","Waterford",494.07,490.12,507.76,557.38,611.92
"Apartment","Two bed","Westmeath",528.67,537.98,563.55,618.76,653.94
"Apartment","Two bed","Wexford",492.73,497.69,516.49,547.00,587.59
"Apartment","Two bed","Wicklow",815.28,861.14,929.31,999.31,1073.43
"Apartment","Three bed","Carlow",612.10,555.25,635.15,649.64,692.53
"Apartment","Three bed","Cavan",0.00,0.00,0.00,0.00,0.00
"Apartment","Three bed","Clare",530.29,570.76,582.07,583.50,638.52
"Apartment","Three bed","Cork",901.76,908.18,954.34,1050.46,1155.22
"Apartment","Three bed","Donegal",489.20,507.78,515.19,503.52,508.59
"Apartment","Three bed","Dublin",1241.02,1304.16,1459.45,1575.11,1669.03
"Apartment","Three bed","Galway",877.08,916.19,977.58,1068.95,1148.82
"Apartment","Three bed","Kerry",601.22,590.81,556.72,593.44,632.33
"Apartment","Three bed","Kildare",817.17,889.24,969.26,1014.93,1068.91
"Apartment","Three bed","Kilkenny",645.85,672.69,707.74,747.49,802.11
"Apartment","Three bed","Laois",0.00,0.00,0.00,0.00,0.00
"Apartment","Three bed","Leitrim",0.00,418.49,425.02,0.00,471.82
"Apartment","Three bed","Limerick",666.26,662.68,685.34,725.83,801.71
"Apartment","Three bed","Longford",373.78,375.96,398.63,450.50,506.88
"Apartment","Three bed","Louth",669.92,688.40,746.82,819.17,913.86
"Apartment","Three bed","Mayo",540.91,536.96,552.22,559.17,560.13
"Apartment","Three bed","Meath",710.92,754.56,843.71,940.25,999.57
"Apartment","Three bed","Monaghan",0.00,0.00,0.00,0.00,0.00
"Apartment","Three bed","Offaly",511.59,530.45,533.27,566.90,644.75
"Apartment","Three bed","Roscommon",479.22,0.00,0.00,538.92,0.00
"Apartment","Three bed","Sligo",604.96,604.27,602.37,639.27,724.19
"Apartment","Three bed","Tipperary",519.03,524.96,535.76,579.33,600.85
"Apartment","Three bed","Waterford",459.86,451.98,473.73,516.50,616.06
"Apartment","Three bed","Westmeath",565.35,579.10,611.57,701.00,785.40
"Apartment","Three bed","Wexford",546.60,543.99,566.01,592.56,648.42
"Apartment","Three bed","Wicklow",922.50,991.20,1090.45,1182.30,1233.77
"Apartment","1 to 2 bed","Carlow",522.06,539.24,558.61,571.95,610.62
"Apartment","1 to 2 bed","Cavan",387.21,394.09,411.71,449.47,481.20
"Apartment","1 to 2 bed","Clare",446.82,453.74,469.93,495.35,538.10
"Apartment","1 to 2 bed","Cork",691.91,715.46,761.05,824.94,887.67
"Apartment","1 to 2 bed","Donegal",408.41,400.18,415.75,443.20,473.43
"Apartment","1 to 2 bed","Dublin",981.79,1056.70,1162.55,1247.52,1344.25
"Apartment","1 to 2 bed","Galway",696.62,717.43,763.43,816.58,854.75
"Apartment","1 to 2 bed","Kerry",498.56,508.81,526.02,560.49,604.29
"Apartment","1 to 2 bed","Kildare",686.43,729.48,802.39,874.20,939.77
"Apartment","1 to 2 bed","Kilkenny",553.05,575.34,615.10,663.24,710.97
"Apartment","1 to 2 bed","Laois",450.19,468.52,507.22,559.12,618.19
"Apartment","1 to 2 bed","Leitrim",352.33,359.99,372.07,402.05,428.93
"Apartment","1 to 2 bed","Limerick",552.40,547.97,563.76,616.94,689.17
"Apartment","1 to 2 bed","Longford",331.06,338.31,365.39,406.70,444.47
"Apartment","1 to 2 bed","Louth",549.98,574.16,628.55,692.57,772.61
"Apartment","1 to 2 bed","Mayo",471.84,476.55,487.65,506.02,533.21
"Apartment","1 to 2 bed","Meath",598.73,636.31,699.51,767.44,852.09
"Apartment","1 to 2 bed","Monaghan",465.44,467.09,485.26,505.58,524.87
"Apartment","1 to 2 bed","Offaly",470.47,474.92,490.93,511.73,536.03
"Apartment","1 to 2 bed","Roscommon",391.71,387.87,406.74,429.38,453.48
"Apartment","1 to 2 bed","Sligo",502.58,530.12,534.32,510.86,540.92
"Apartment","1 to 2 bed","Tipperary",441.77,444.97,460.20,481.21,504.75
"Apartment","1 to 2 bed","Waterford",479.45,476.02,493.85,540.93,591.21
"Apartment","1 to 2 bed","Westmeath",508.56,517.22,540.99,591.34,626.14
"Apartment","1 to 2 bed","Wexford",474.23,479.36,494.72,525.24,566.46
"Apartment","1 to 2 bed","Wicklow",781.19,826.09,894.53,964.65,1029.01
"Apartment","1 to 3 bed","Carlow",545.61,543.03,573.32,585.61,624.05
"Apartment","1 to 3 bed","Cavan",391.13,396.77,415.17,453.39,485.76
"Apartment","1 to 3 bed","Clare",456.26,467.64,484.93,505.03,548.80
"Apartment","1 to 3 bed","Cork",720.25,740.31,789.02,861.21,929.63
"Apartment","1 to 3 bed","Donegal",412.85,406.61,422.39,447.61,476.07
"Apartment","1 to 3 bed","Dublin",1009.65,1082.52,1193.11,1281.09,1375.49
"Apartment","1 to 3 bed","Galway",739.34,761.91,811.09,873.65,918.96
"Apartment","1 to 3 bed","Kerry",510.69,518.42,528.42,562.98,606.96
"Apartment","1 to 3 bed","Kildare",696.27,742.09,815.70,884.79,948.13
"Apartment","1 to 3 bed","Kilkenny",567.08,589.68,627.48,676.57,725.05
"Apartment","1 to 3 bed","Laois",450.75,469.44,508.27,560.02,620.09
"Apartment","1 to 3 bed","Leitrim",357.78,367.45,378.04,406.63,433.70
"Apartment","1 to 3 bed","Limerick",575.55,570.72,590.42,639.84,709.69
"Apartment","1 to 3 bed","Longford",336.28,341.04,367.87,410.26,449.66
"Apartment","1 to 3 bed","Louth",562.61,587.95,645.79,710.09,788.24
"Apartment","1 to 3 bed","Mayo",476.44,481.47,493.67,510.69,535.21
"Apartment","1 to 3 bed","Meath",612.25,652.34,718.48,789.39,868.46
"Apartment","1 to 3 bed","Monaghan",462.55,467.11,486.84,506.22,526.87
"Apartment","1 to 3 bed","Offaly",473.98,480.17,494.08,516.30,544.85
"Apartment","1 to 3 bed","Roscommon",401.02,397.06,415.90,438.51,459.17
"Apartment","1 to 3 bed","Sligo",545.32,562.46,563.83,566.42,615.82
"Apartment","1 to 3 bed","Tipperary",448.19,451.92,466.84,490.25,513.37
"Apartment","1 to 3 bed","Waterford",474.44,470.24,489.12,535.40,597.21
"Apartment","1 to 3 bed","Westmeath",515.68,524.71,549.47,605.36,644.29
"Apartment","1 to 3 bed","Wexford",479.37,483.93,500.13,529.98,572.15
"Apartment","1 to 3 bed","Wicklow",798.66,845.55,915.59,985.78,1047.37
"Apartment","Four plus bed","Carlow",820.97,747.66,761.71,799.35,830.54
"Apartment","Four plus bed","Cavan",0.00,0.00,0.00,0.00,0.00
"Apartment","Four plus bed","Clare",0.00,0.00,0.00,0.00,0.00
"Apartment","Four plus bed","Cork",960.18,1308.01,1347.69,1124.98,1308.85
"Apartment","Four plus bed","Donegal",0.00,0.00,0.00,0.00,0.00
"Apartment","Four plus bed","Dublin",1338.93,1363.29,1530.54,1591.16,1641.84
"Apartment","Four plus bed","Galway",1494.64,1282.84,1195.96,1501.29,1613.35
"Apartment","Four plus bed","Kerry",375.51,399.78,554.91,922.30,1017.66
"Apartment","Four plus bed","Kildare",0.00,0.00,0.00,0.00,0.00
"Apartment","Four plus bed","Kilkenny",0.00,0.00,0.00,0.00,0.00
"Apartment","Four plus bed","Laois",0.00,0.00,0.00,0.00,0.00
"Apartment","Four plus bed","Leitrim",0.00,0.00,0.00,0.00,0.00
"Apartment","Four plus bed","Limerick",566.96,527.63,544.19,683.20,782.04
"Apartment","Four plus bed","Longford",0.00,0.00,0.00,0.00,0.00
"Apartment","Four plus bed","Louth",0.00,0.00,451.10,484.81,510.80
"Apartment","Four plus bed","Mayo",0.00,0.00,0.00,0.00,0.00
"Apartment","Four plus bed","Meath",0.00,0.00,0.00,0.00,0.00
"Apartment","Four plus bed","Monaghan",0.00,0.00,0.00,0.00,0.00
"Apartment","Four plus bed","Offaly",0.00,0.00,0.00,0.00,0.00
"Apartment","Four plus bed","Roscommon",0.00,0.00,0.00,0.00,0.00
"Apartment","Four plus bed","Sligo",624.74,658.67,765.80,953.66,960.45
"Apartment","Four plus bed","Tipperary",0.00,0.00,0.00,0.00,0.00
"Apartment","Four plus bed","Waterford",578.97,567.47,574.61,617.77,697.98
"Apartment","Four plus bed","Westmeath",592.46,641.26,675.27,729.58,808.20
"Apartment","Four plus bed","Wexford",0.00,0.00,0.00,0.00,0.00
"Apartment","Four plus bed","Wicklow",0.00,0.00,0.00,0.00,0.00
"Apartment","All bedrooms","Carlow",569.92,556.64,586.73,600.88,634.94
"Apartment","All bedrooms","Cavan",391.15,396.37,414.94,454.26,486.40
"Apartment","All bedrooms","Clare",459.22,470.24,485.86,506.35,549.82
"Apartment","All bedrooms","Cork",730.54,764.41,816.10,872.82,941.40
"Apartment","All bedrooms","Donegal",411.60,405.94,421.70,446.42,474.67
"Apartment","All bedrooms","Dublin",1012.46,1084.80,1195.51,1283.48,1377.37
"Apartment","All bedrooms","Galway",781.32,791.96,833.34,908.13,950.47
"Apartment","All bedrooms","Kerry",492.32,497.70,532.45,592.29,634.31
"Apartment","All bedrooms","Kildare",697.62,743.72,816.95,885.77,948.66
"Apartment","All bedrooms","Kilkenny",568.86,591.04,628.21,677.92,725.35
"Apartment","All bedrooms","Laois",450.72,469.51,508.34,560.02,620.09
"Apartment","All bedrooms","Leitrim",358.42,368.00,378.04,406.63,433.70
"Apartment","All bedrooms","Limerick",574.82,565.84,585.39,644.97,717.02
"Apartment","All bedrooms","Longford",336.28,341.23,368.00,410.40,450.05
"Apartment","All bedrooms","Louth",568.01,585.71,639.05,701.30,778.44
"Apartment","All bedrooms","Mayo",475.89,481.00,493.45,510.46,535.04
"Apartment","All bedrooms","Meath",612.89,653.47,719.34,789.94,869.26
"Apartment","All bedrooms","Monaghan",463.11,466.84,486.40,505.52,526.09
"Apartment","All bedrooms","Offaly",475.22,481.57,494.70,516.70,545.00
"Apartment","All bedrooms","Roscommon",401.84,397.06,416.08,438.84,460.34
"Apartment","All bedrooms","Sligo",548.92,566.30,570.00,583.71,633.61
"Apartment","All bedrooms","Tipperary",448.52,452.17,467.67,490.67,513.82
"Apartment","All bedrooms","Waterford",476.02,471.53,490.44,536.82,599.02
"Apartment","All bedrooms","Westmeath",518.83,530.62,556.11,613.00,651.47
"Apartment","All bedrooms","Wexford",479.45,483.89,500.54,530.24,572.08
"Apartment","All bedrooms","Wicklow",800.05,847.09,917.74,988.13,1049.87
"Other flats","One bed","Carlow",396.11,398.24,399.51,421.72,447.15
"Other flats","One bed","Cavan",295.36,283.41,287.02,302.13,352.09
"Other flats","One bed","Clare",331.65,335.77,326.62,350.43,368.50
"Other flats","One bed","Cork",464.73,478.62,490.72,516.10,540.58
"Other flats","One bed","Donegal",294.45,299.80,309.80,336.89,366.09
"Other flats","One bed","Dublin",616.29,664.30,709.87,788.29,862.57
"Other flats","One bed","Galway",444.87,460.82,487.86,508.18,532.85
"Other flats","One bed","Kerry",346.07,345.40,356.50,378.98,394.81
"Other flats","One bed","Kildare",425.06,440.73,605.46,698.66,662.64
"Other flats","One bed","Kilkenny",390.66,385.68,414.13,473.20,484.72
"Other flats","One bed","Laois",331.54,332.90,331.22,384.07,407.97
"Other flats","One bed","Leitrim",0.00,0.00,0.00,0.00,0.00
"Other flats","One bed","Limerick",371.68,371.30,383.07,399.74,458.65
"Other flats","One bed","Longford",0.00,0.00,0.00,0.00,0.00
"Other flats","One bed","Louth",415.10,421.46,440.36,469.70,524.91
"Other flats","One bed","Mayo",366.77,371.47,373.00,378.83,384.36
"Other flats","One bed","Meath",396.97,412.35,435.52,459.36,509.62
"Other flats","One bed","Monaghan",318.45,334.61,370.43,369.67,358.87
"Other flats","One bed","Offaly",376.79,379.94,385.20,395.82,413.16
"Other flats","One bed","Roscommon",0.00,0.00,0.00,0.00,0.00
"Other flats","One bed","Sligo",372.66,0.00,0.00,0.00,0.00
"Other flats","One bed","Tipperary",360.84,355.16,363.77,370.97,386.92
"Other flats","One bed","Waterford",357.16,359.03,369.04,393.11,424.85
"Other flats","One bed","Westmeath",363.60,358.51,374.34,395.50,429.60
"Other flats","One bed","Wexford",369.02,376.18,383.88,399.92,424.51
"Other flats","One bed","Wicklow",512.31,540.04,573.57,608.41,636.60
"Other flats","Two bed","Carlow",0.00,0.00,0.00,0.00,0.00
"Other flats","Two bed","Cavan",0.00,0.00,0.00,0.00,0.00
"Other flats","Two bed","Clare",0.00,0.00,418.77,453.09,0.00
"Other flats","Two bed","Cork",539.17,584.43,631.97,634.86,655.06
"Other flats","Two bed","Donegal",336.86,331.54,342.47,388.13,423.25
"Other flats","Two bed","Dublin",882.62,970.12,1036.18,1068.80,1147.52
"Other flats","Two bed","Galway",541.79,574.66,608.07,619.30,631.78
"Other flats","Two bed","Kerry",413.60,413.69,425.00,442.81,476.53
"Other flats","Two bed","Kildare",571.15,600.74,639.57,764.46,817.18
"Other flats","Two bed","Kilkenny",0.00,0.00,0.00,0.00,0.00
"Other flats","Two bed","Laois",0.00,0.00,0.00,0.00,0.00
"Other flats","Two bed","Leitrim",0.00,0.00,0.00,0.00,0.00
"Other flats","Two bed","Limerick",471.47,453.31,496.58,545.92,613.16
"Other flats","Two bed","Longford",0.00,0.00,0.00,0.00,0.00
"Other flats","Two bed","Louth",0.00,0.00,495.83,547.69,565.37
"Other flats","Two bed","Mayo",399.45,395.17,409.87,412.77,0.00
"Other flats","Two bed","Meath",495.51,511.93,564.97,595.47,0.00
"Other flats","Two bed","Monaghan",0.00,0.00,0.00,436.39,0.00
"Other flats","Two bed","Offaly",0.00,0.00,0.00,0.00,0.00
"Other flats","Two bed","Roscommon",0.00,0.00,0.00,0.00,0.00
"Other flats","Two bed","Sligo",0.00,0.00,0.00,0.00,0.00
"Other flats","Two bed","Tipperary",432.66,434.83,437.06,438.05,455.18
"Other flats","Two bed","Waterford",416.05,431.86,431.54,459.31,498.45
"Other flats","Two bed","Westmeath",426.63,0.00,0.00,490.08,538.86
"Other flats","Two bed","Wexford",434.97,434.27,446.83,489.28,0.00
"Other flats","Two bed","Wicklow",694.01,754.69,837.08,876.77,899.68
"Other flats","Three bed","Carlow",0.00,0.00,0.00,0.00,0.00
"Other flats","Three bed","Cavan",0.00,0.00,0.00,0.00,0.00
"Other flats","Three bed","Clare",0.00,0.00,0.00,0.00,0.00
"Other flats","Three bed","Cork",0.00,695.41,768.53,796.49,0.00
"Other flats","Three bed","Donegal",0.00,0.00,0.00,0.00,0.00
"Other flats","Three bed","Dublin",1186.96,1199.36,1247.94,1394.66,1472.70
"Other flats","Three bed","Galway",862.81,1139.72,1129.74,1084.11,1109.39
"Other flats","Three bed","Kerry",0.00,0.00,0.00,0.00,0.00
"Other flats","Three bed","Kildare",0.00,0.00,0.00,0.00,0.00
"Other flats","Three bed","Kilkenny",0.00,0.00,0.00,0.00,0.00
"Other flats","Three bed","Laois",0.00,0.00,0.00,0.00,0.00
"Other flats","Three bed","Leitrim",0.00,0.00,0.00,0.00,0.00
"Other flats","Three bed","Limerick",0.00,0.00,0.00,0.00,0.00
"Other flats","Three bed","Longford",0.00,0.00,0.00,0.00,0.00
"Other flats","Three bed","Louth",0.00,0.00,0.00,0.00,0.00
"Other flats","Three bed","Mayo",0.00,0.00,0.00,0.00,0.00
"Other flats","Three bed","Meath",0.00,0.00,0.00,0.00,0.00
"Other flats","Three bed","Monaghan",0.00,0.00,0.00,0.00,0.00
"Other flats","Three bed","Offaly",0.00,0.00,0.00,0.00,0.00
"Other flats","Three bed","Roscommon",0.00,0.00,0.00,0.00,0.00
"Other flats","Three bed","Sligo",0.00,0.00,0.00,0.00,0.00
"Other flats","Three bed","Tipperary",0.00,0.00,0.00,0.00,0.00
"Other flats","Three bed","Waterford",0.00,0.00,0.00,0.00,0.00
"Other flats","Three bed","Westmeath",0.00,0.00,0.00,0.00,0.00
"Other flats","Three bed","Wexford",0.00,0.00,0.00,0.00,0.00
"Other flats","Three bed","Wicklow",0.00,0.00,0.00,0.00,0.00
"Other flats","1 to 2 bed","Carlow",410.57,414.30,422.48,446.06,470.35
"Other flats","1 to 2 bed","Cavan",317.80,317.40,334.29,350.92,385.31
"Other flats","1 to 2 bed","Clare",371.89,356.26,368.96,397.59,405.81
"Other flats","1 to 2 bed","Cork",482.86,505.13,527.54,546.48,569.30
"Other flats","1 to 2 bed","Donegal",314.57,314.18,324.30,359.88,392.18
"Other flats","1 to 2 bed","Dublin",681.58,736.67,791.24,863.34,940.17
"Other flats","1 to 2 bed","Galway",471.30,492.94,525.45,540.66,558.39
"Other flats","1 to 2 bed","Kerry",365.46,363.91,373.55,396.02,420.18
"Other flats","1 to 2 bed","Kildare",443.25,466.39,613.50,712.73,699.44
"Other flats","1 to 2 bed","Kilkenny",403.53,408.70,441.31,489.05,506.38
"Other flats","1 to 2 bed","Laois",352.97,352.12,353.35,404.46,448.88
"Other flats","1 to 2 bed","Leitrim",0.00,0.00,0.00,0.00,0.00
"Other flats","1 to 2 bed","Limerick",402.93,397.37,421.03,448.95,516.34
"Other flats","1 to 2 bed","Longford",0.00,0.00,0.00,0.00,0.00
"Other flats","1 to 2 bed","Louth",432.00,441.80,452.96,486.37,536.03
"Other flats","1 to 2 bed","Mayo",379.39,377.73,384.92,390.15,396.15
"Other flats","1 to 2 bed","Meath",422.90,440.69,475.17,505.18,543.97
"Other flats","1 to 2 bed","Monaghan",347.91,362.09,392.13,395.00,396.86
"Other flats","1 to 2 bed","Offaly",382.54,386.66,391.37,409.05,423.60
"Other flats","1 to 2 bed","Roscommon",331.36,314.39,341.70,354.43,343.57
"Other flats","1 to 2 bed","Sligo",432.68,387.53,380.30,395.74,428.26
"Other flats","1 to 2 bed","Tipperary",380.87,379.06,386.77,393.91,411.22
"Other flats","1 to 2 bed","Waterford",375.37,376.90,381.40,409.93,441.93
"Other flats","1 to 2 bed","Westmeath",379.36,371.29,390.50,422.16,458.57
"Other flats","1 to 2 bed","Wexford",389.03,395.80,404.87,431.46,447.20
"Other flats","1 to 2 bed","Wicklow",553.99,589.20,629.65,666.13,701.15
"Other flats","1 to 3 bed","Carlow",418.51,414.60,434.65,460.40,481.72
"Other flats","1 to 3 bed","Cavan",317.80,317.40,334.29,350.92,383.11
"Other flats","1 to 3 bed","Clare",383.87,367.48,374.36,398.32,412.35
"Other flats","1 to 3 bed","Cork",488.29,512.24,537.37,555.30,580.08
"Other flats","1 to 3 bed","Donegal",319.38,319.79,329.56,364.52,399.31
"Other flats","1 to 3 bed","Dublin",710.62,764.87,814.29,885.81,964.37
"Other flats","1 to 3 bed","Galway",516.30,613.91,645.41,745.64,783.86
"Other flats","1 to 3 bed","Kerry",376.92,371.63,377.14,400.44,424.29
"Other flats","1 to 3 bed","Kildare",449.79,482.23,621.49,712.32,700.72
"Other flats","1 to 3 bed","Kilkenny",406.47,422.09,456.31,490.22,521.67
"Other flats","1 to 3 bed","Laois",362.36,358.88,355.21,404.46,448.88
"Other flats","1 to 3 bed","Leitrim",0.00,0.00,0.00,0.00,0.00
"Other flats","1 to 3 bed","Limerick",433.31,425.07,440.58,470.66,548.61
"Other flats","1 to 3 bed","Longford",0.00,0.00,0.00,0.00,0.00
"Other flats","1 to 3 bed","Louth",443.10,455.73,461.67,499.63,545.63
"Other flats","1 to 3 bed","Mayo",380.79,378.20,385.51,392.61,395.60
"Other flats","1 to 3 bed","Meath",436.88,464.28,497.85,531.36,572.54
"Other flats","1 to 3 bed","Monaghan",348.69,362.09,392.76,395.48,396.86
"Other flats","1 to 3 bed","Offaly",384.49,387.30,390.36,411.02,428.18
"Other flats","1 to 3 bed","Roscommon",331.36,315.24,337.64,349.37,341.09
"Other flats","1 to 3 bed","Sligo",434.11,389.02,396.32,418.18,433.67
"Other flats","1 to 3 bed","Tipperary",383.46,383.89,390.23,399.39,418.12
"Other flats","1 to 3 bed","Waterford",375.14,376.19,381.38,411.89,447.31
"Other flats","1 to 3 bed","Westmeath",385.90,382.91,397.72,423.89,462.97
"Other flats","1 to 3 bed","Wexford",389.34,395.19,404.05,434.46,451.80
"Other flats","1 to 3 bed","Wicklow",562.40,597.97,635.17,673.85,707.45
"Other flats","Four plus bed","Carlow",0.00,0.00,0.00,0.00,0.00
"Other flats","Four plus bed","Cavan",0.00,0.00,0.00,0.00,0.00
"Other flats","Four plus bed","Clare",0.00,0.00,0.00,0.00,0.00
"Other flats","Four plus bed","Cork",0.00,0.00,0.00,0.00,0.00
"Other flats","Four plus bed","Donegal",0.00,0.00,0.00,0.00,0.00
"Other flats","Four plus bed","Dublin",0.00,0.00,0.00,0.00,0.00
"Other flats","Four plus bed","Galway",1478.31,1458.69,0.00,0.00,0.00
"Other flats","Four plus bed","Kerry",0.00,0.00,0.00,0.00,0.00
"Other flats","Four plus bed","Kildare",0.00,0.00,0.00,0.00,0.00
"Other flats","Four plus bed","Kilkenny",0.00,0.00,0.00,0.00,0.00
"Other flats","Four plus bed","Laois",0.00,0.00,0.00,0.00,0.00
"Other flats","Four plus bed","Leitrim",0.00,0.00,0.00,0.00,0.00
"Other flats","Four plus bed","Limerick",0.00,0.00,0.00,0.00,0.00
"Other flats","Four plus bed","Longford",0.00,0.00,0.00,0.00,0.00
"Other flats","Four plus bed","Louth",0.00,0.00,0.00,0.00,0.00
"Other flats","Four plus bed","Mayo",0.00,0.00,0.00,0.00,0.00
"Other flats","Four plus bed","Meath",0.00,0.00,0.00,0.00,0.00
"Other flats","Four plus bed","Monaghan",0.00,0.00,0.00,0.00,0.00
"Other flats","Four plus bed","Offaly",0.00,0.00,0.00,0.00,0.00
"Other flats","Four plus bed","Roscommon",0.00,0.00,0.00,0.00,0.00
"Other flats","Four plus bed","Sligo",0.00,0.00,0.00,0.00,0.00
"Other flats","Four plus bed","Tipperary",0.00,0.00,0.00,0.00,0.00
"Other flats","Four plus bed","Waterford",0.00,0.00,0.00,0.00,0.00
"Other flats","Four plus bed","Westmeath",0.00,0.00,0.00,0.00,0.00
"Other flats","Four plus bed","Wexford",0.00,0.00,0.00,0.00,0.00
"Other flats","Four plus bed","Wicklow",0.00,0.00,0.00,0.00,0.00
"Other flats","All bedrooms","Carlow",421.93,414.21,430.97,462.47,488.37
"Other flats","All bedrooms","Cavan",317.80,317.40,334.29,350.92,383.11
"Other flats","All bedrooms","Clare",383.87,367.48,374.36,398.32,412.35
"Other flats","All bedrooms","Cork",488.95,518.03,543.04,556.65,582.24
"Other flats","All bedrooms","Donegal",321.00,321.09,329.56,364.52,399.31
"Other flats","All bedrooms","Dublin",712.39,764.75,813.18,886.99,967.82
"Other flats","All bedrooms","Galway",692.45,683.50,664.27,753.99,792.95
"Other flats","All bedrooms","Kerry",376.92,371.63,377.14,400.44,424.29
"Other flats","All bedrooms","Kildare",454.60,486.73,621.49,712.32,700.72
"Other flats","All bedrooms","Kilkenny",406.47,422.09,456.31,490.41,525.54
"Other flats","All bedrooms","Laois",362.36,366.43,363.70,404.46,448.88
"Other flats","All bedrooms","Leitrim",0.00,0.00,0.00,0.00,0.00
"Other flats","All bedrooms","Limerick",436.89,427.06,445.10,473.38,549.60
"Other flats","All bedrooms","Longford",0.00,0.00,0.00,0.00,0.00
"Other flats","All bedrooms","Louth",443.10,455.73,463.38,500.91,545.63
"Other flats","All bedrooms","Mayo",380.79,380.65,387.73,393.63,396.78
"Other flats","All bedrooms","Meath",437.80,463.02,495.36,531.36,572.54
"Other flats","All bedrooms","Monaghan",348.69,363.49,393.38,395.48,396.86
"Other flats","All bedrooms","Offaly",383.06,390.24,393.19,411.02,428.18
"Other flats","All bedrooms","Roscommon",331.36,315.24,337.64,349.37,341.09
"Other flats","All bedrooms","Sligo",434.11,389.02,396.32,418.18,433.67
"Other flats","All bedrooms","Tipperary",383.87,383.95,389.31,397.43,416.67
"Other flats","All bedrooms","Waterford",375.14,376.54,381.35,411.89,447.23
"Other flats","All bedrooms","Westmeath",389.24,383.84,398.48,423.89,462.97
"Other flats","All bedrooms","Wexford",389.34,395.44,404.28,434.86,452.04
"Other flats","All bedrooms","Wicklow",562.40,598.44,635.55,673.76,707.24
"All property types","One bed","Carlow",434.51,432.93,452.92,485.87,503.64
"All property types","One bed","Cavan",332.35,337.70,344.59,373.06,410.68
"All property types","One bed","Clare",364.50,367.03,384.41,400.44,420.46
"All property types","One bed","Cork",547.42,567.35,600.45,644.96,695.76
"All property types","One bed","Donegal",328.83,331.69,344.44,369.37,389.82
"All property types","One bed","Dublin",783.49,844.72,929.61,1006.78,1102.19
"All property types","One bed","Galway",527.93,546.00,581.55,618.84,652.69
"All property types","One bed","Kerry",406.06,410.55,417.73,432.50,470.27
"All property types","One bed","Kildare",526.39,564.53,640.18,704.29,746.18
"All property types","One bed","Kilkenny",434.41,444.26,487.46,528.15,556.11
"All property types","One bed","Laois",371.43,389.42,410.40,443.80,479.70
"All property types","One bed","Leitrim",311.13,318.53,328.67,352.38,369.53
"All property types","One bed","Limerick",443.87,447.24,463.83,488.01,545.46
"All property types","One bed","Longford",308.87,314.56,323.73,352.17,390.58
"All property types","One bed","Louth",473.79,488.46,510.84,551.67,627.37
"All property types","One bed","Mayo",392.66,384.89,394.76,409.23,422.67
"All property types","One bed","Meath",482.34,511.44,564.17,613.61,673.07
"All property types","One bed","Monaghan",383.47,395.76,413.40,411.17,428.70
"All property types","One bed","Offaly",398.53,405.30,411.27,431.30,462.17
"All property types","One bed","Roscommon",347.06,347.51,360.68,389.30,404.95
"All property types","One bed","Sligo",464.52,458.62,470.14,504.29,507.28
"All property types","One bed","Tipperary",381.84,386.48,396.27,415.27,439.62
"All property types","One bed","Waterford",410.26,408.30,422.84,459.30,499.28
"All property types","One bed","Westmeath",418.21,418.24,441.02,472.38,499.09
"All property types","One bed","Wexford",403.61,407.53,422.26,446.63,477.11
"All property types","One bed","Wicklow",601.98,637.92,695.41,760.28,801.67
"All property types","Two bed","Carlow",536.23,548.55,565.37,585.79,628.97
"All property types","Two bed","Cavan",393.16,402.22,424.53,456.99,486.55
"All property types","Two bed","Clare",461.40,463.70,475.47,505.59,552.66
"All property types","Two bed","Cork",700.07,725.39,770.71,837.16,903.21
"All property types","Two bed","Donegal",406.80,398.82,412.28,440.10,472.16
"All property types","Two bed","Dublin",1015.82,1090.67,1193.73,1278.82,1370.53
"All property types","Two bed","Galway",698.87,716.99,762.95,820.82,864.99
"All property types","Two bed","Kerry",506.07,516.06,533.79,561.58,605.91
"All property types","Two bed","Kildare",717.67,761.20,833.13,909.13,979.33
"All property types","Two bed","Kilkenny",552.82,572.14,608.03,651.32,698.80
"All property types","Two bed","Laois",461.18,478.88,521.97,581.01,639.35
"All property types","Two bed","Leitrim",358.98,366.23,378.87,406.72,438.54
"All property types","Two bed","Limerick",562.03,554.08,570.59,626.48,696.78
"All property types","Two bed","Longford",345.99,355.63,381.67,419.14,456.92
"All property types","Two bed","Louth",564.72,585.74,637.38,709.53,789.57
"All property types","Two bed","Mayo",475.86,482.14,489.37,506.18,538.12
"All property types","Two bed","Meath",621.91,657.60,719.42,796.60,878.04
"All property types","Two bed","Monaghan",450.01,456.77,483.81,506.30,524.90
"All property types","Two bed","Offaly",487.23,490.47,505.70,530.85,569.65
"All property types","Two bed","Roscommon",399.20,395.79,408.94,427.22,456.50
"All property types","Two bed","Sligo",501.21,526.37,532.33,508.48,542.07
"All property types","Two bed","Tipperary",474.11,476.87,491.20,510.00,531.36
"All property types","Two bed","Waterford",490.84,487.82,503.53,548.41,600.60
"All property types","Two bed","Westmeath",516.10,524.23,548.42,598.94,633.96
"All property types","Two bed","Wexford",495.96,498.13,515.22,547.52,586.58
"All property types","Two bed","Wicklow",791.91,834.87,894.75,964.07,1031.46
"All property types","Three bed","Carlow",597.69,593.93,629.46,658.81,697.63
"All property types","Three bed","Cavan",435.88,437.29,462.18,500.25,541.33
"All property types","Three bed","Clare",519.29,524.46,541.98,577.59,614.93
"All property types","Three bed","Cork",741.87,758.41,806.55,879.02,942.96
"All property types","Three bed","Donegal",444.49,446.24,459.24,485.06,509.25
"All property types","Three bed","Dublin",1127.43,1180.41,1281.04,1378.81,1457.44
"All property types","Three bed","Galway",755.61,781.02,829.20,892.27,948.19
"All property types","Three bed","Kerry",548.86,554.89,569.38,597.00,629.32
"All property types","Three bed","Kildare",808.87,851.30,920.91,995.71,1058.21
"All property types","Three bed","Kilkenny",600.44,618.07,651.33,698.50,747.52
"All property types","Three bed","Laois",533.43,550.65,589.78,647.77,704.30
"All property types","Three bed","Leitrim",398.71,401.71,411.41,437.36,469.40
"All property types","Three bed","Limerick",633.09,635.39,662.44,707.63,762.18
"All property types","Three bed","Longford",407.80,416.08,436.91,474.55,521.70
"All property types","Three bed","Louth",634.94,652.20,698.63,771.98,862.03
"All property types","Three bed","Mayo",502.98,501.53,512.10,534.50,557.98
"All property types","Three bed","Meath",699.52,734.76,805.17,889.68,964.59
"All property types","Three bed","Monaghan",494.69,504.91,512.95,533.48,567.11
"All property types","Three bed","Offaly",543.38,553.50,575.70,607.75,646.74
"All property types","Three bed","Roscommon",451.92,456.02,469.49,488.70,517.14
"All property types","Three bed","Sligo",588.43,586.37,596.34,626.23,683.28
"All property types","Three bed","Tipperary",551.65,553.53,565.45,588.04,617.50
"All property types","Three bed","Waterford",565.34,564.98,583.12,616.82,674.08
"All property types","Three bed","Westmeath",537.26,546.06,573.86,627.88,674.13
"All property types","Three bed","Wexford",571.50,572.36,589.84,618.56,657.12
"All property types","Three bed","Wicklow",862.39,903.76,968.32,1036.29,1112.82
"All property types","1 to 2 bed","Carlow",512.13,519.49,537.35,559.85,594.40
"All property types","1 to 2 bed","Cavan",378.40,385.12,402.79,434.82,466.22
"All property types","1 to 2 bed","Clare",445.46,445.85,457.49,484.74,525.69
"All property types","1 to 2 bed","Cork",654.54,678.50,720.66,779.37,839.68
"All property types","1 to 2 bed","Donegal",388.65,382.59,396.27,422.85,451.97
"All property types","1 to 2 bed","Dublin",953.62,1024.72,1122.55,1204.96,1299.65
"All property types","1 to 2 bed","Galway",667.94,685.88,729.84,780.76,819.22
"All property types","1 to 2 bed","Kerry",476.44,485.44,498.26,522.28,567.79
"All property types","1 to 2 bed","Kildare",671.94,716.41,789.52,859.17,923.47
"All property types","1 to 2 bed","Kilkenny",526.40,545.85,583.91,625.96,669.06
"All property types","1 to 2 bed","Laois",446.60,461.32,499.68,553.63,608.95
"All property types","1 to 2 bed","Leitrim",350.25,356.88,369.42,396.49,423.12
"All property types","1 to 2 bed","Limerick",536.62,533.28,548.63,598.75,667.59
"All property types","1 to 2 bed","Longford",338.61,347.44,369.06,402.01,437.95
"All property types","1 to 2 bed","Louth",544.45,565.10,609.36,671.77,751.28
"All property types","1 to 2 bed","Mayo",459.60,462.27,469.91,486.04,511.61
"All property types","1 to 2 bed","Meath",592.08,625.84,683.33,752.41,829.11
"All property types","1 to 2 bed","Monaghan",431.09,440.39,465.89,482.03,500.76
"All property types","1 to 2 bed","Offaly",462.46,466.17,478.65,502.23,537.55
"All property types","1 to 2 bed","Roscommon",391.40,387.65,400.53,420.84,448.32
"All property types","1 to 2 bed","Sligo",495.36,515.01,521.33,507.78,535.87
"All property types","1 to 2 bed","Tipperary",446.68,449.24,462.87,481.43,502.98
"All property types","1 to 2 bed","Waterford",474.40,470.76,485.70,527.61,575.07
"All property types","1 to 2 bed","Westmeath",493.51,501.26,523.23,567.94,603.32
"All property types","1 to 2 bed","Wexford",479.23,482.88,498.42,529.67,567.42
"All property types","1 to 2 bed","Wicklow",741.07,781.70,839.71,908.34,967.64
"All property types","1 to 3 bed","Carlow",563.37,563.01,589.77,614.54,649.92
"All property types","1 to 3 bed","Cavan",410.12,411.54,432.28,468.39,505.39
"All property types","1 to 3 bed","Clare",485.64,487.44,501.09,531.45,570.57
"All property types","1 to 3 bed","Cork",693.05,713.60,758.57,823.72,885.53
"All property types","1 to 3 bed","Donegal",419.46,416.16,429.38,456.12,482.64
"All property types","1 to 3 bed","Dublin",1014.96,1077.85,1174.15,1261.46,1351.08
"All property types","1 to 3 bed","Galway",707.81,728.86,774.35,831.02,877.20
"All property types","1 to 3 bed","Kerry",516.48,523.63,536.58,562.47,601.08
"All property types","1 to 3 bed","Kildare",734.16,777.05,846.90,916.66,980.06
"All property types","1 to 3 bed","Kilkenny",566.55,584.89,619.93,665.30,712.27
"All property types","1 to 3 bed","Laois",494.74,510.14,549.06,606.24,663.03
"All property types","1 to 3 bed","Leitrim",378.13,382.94,393.74,420.23,448.85
"All property types","1 to 3 bed","Limerick",578.83,578.62,598.29,645.63,708.78
"All property types","1 to 3 bed","Longford",375.17,383.46,403.83,437.11,477.68
"All property types","1 to 3 bed","Louth",590.03,607.98,653.40,721.21,805.02
"All property types","1 to 3 bed","Mayo",482.20,482.56,491.90,510.89,534.30
"All property types","1 to 3 bed","Meath",641.39,676.89,740.17,816.00,890.58
"All property types","1 to 3 bed","Monaghan",464.25,472.44,487.61,505.70,533.41
"All property types","1 to 3 bed","Offaly",505.85,514.23,531.08,556.68,595.79
"All property types","1 to 3 bed","Roscommon",426.50,428.15,440.43,459.15,487.80
"All property types","1 to 3 bed","Sligo",548.01,556.77,565.17,575.12,619.43
"All property types","1 to 3 bed","Tipperary",502.75,505.42,517.38,536.89,563.36
"All property types","1 to 3 bed","Waterford",518.69,515.98,531.21,567.97,621.81
"All property types","1 to 3 bed","Westmeath",512.04,520.12,544.30,592.83,632.15
"All property types","1 to 3 bed","Wexford",523.62,525.41,541.31,571.01,609.52
"All property types","1 to 3 bed","Wicklow",786.72,827.84,886.57,953.37,1021.62
"All property types","Four plus bed","Carlow",724.58,703.15,719.43,764.23,791.81
"All property types","Four plus bed","Cavan",505.73,508.44,530.74,578.22,604.95
"All property types","Four plus bed","Clare",591.15,586.93,605.85,652.42,694.61
"All property types","Four plus bed","Cork",911.50,972.98,1035.53,1049.50,1108.00
"All property types","Four plus bed","Donegal",510.73,510.52,525.47,546.62,569.01
"All property types","Four plus bed","Dublin",1470.33,1539.90,1628.19,1702.47,1776.13
"All property types","Four plus bed","Galway",943.96,937.45,972.97,1045.80,1098.50
"All property types","Four plus bed","Kerry",567.53,563.50,614.39,676.04,699.31
"All property types","Four plus bed","Kildare",985.15,1043.67,1128.89,1196.40,1238.58
"All property types","Four plus bed","Kilkenny",705.12,718.90,753.70,806.89,837.13
"All property types","Four plus bed","Laois",606.22,628.04,679.60,747.22,800.06
"All property types","Four plus bed","Leitrim",446.04,460.50,478.23,511.02,545.96
"All property types","Four plus bed","Limerick",759.69,760.23,783.69,843.88,942.68
"All property types","Four plus bed","Longford",476.84,478.32,502.43,544.58,591.26
"All property types","Four plus bed","Louth",763.75,768.26,813.80,889.35,954.71
"All property types","Four plus bed","Mayo",572.21,566.59,574.51,596.94,631.68
"All property types","Four plus bed","Meath",808.52,846.09,927.20,1020.30,1068.46
"All property types","Four plus bed","Monaghan",575.16,570.71,572.50,598.22,628.51
"All property types","Four plus bed","Offaly",600.01,604.68,636.13,682.57,718.08
"All property types","Four plus bed","Roscommon",510.10,519.18,529.65,556.15,594.49
"All property types","Four plus bed","Sligo",692.66,685.55,709.38,770.21,781.03
"All property types","Four plus bed","Tipperary",634.86,636.40,647.28,672.53,701.53
"All property types","Four plus bed","Waterford",690.19,699.95,715.33,743.11,777.64
"All property types","Four plus bed","Westmeath",611.30,626.98,662.83,708.69,754.11
"All property types","Four plus bed","Wexford",639.54,640.13,671.87,708.01,755.47
"All property types","Four plus bed","Wicklow",1045.37,1087.22,1151.65,1212.03,1272.87
"All property types","All bedrooms","Carlow",595.76,589.00,614.04,642.75,678.18
"All property types","All bedrooms","Cavan",437.94,438.52,457.49,495.69,531.22
"All property types","All bedrooms","Clare",512.42,511.31,525.54,559.73,598.09
"All property types","All bedrooms","Cork",731.78,758.68,805.78,860.97,920.59
"All property types","All bedrooms","Donegal",443.72,441.59,454.69,479.67,504.30
"All property types","All bedrooms","Dublin",1068.61,1129.75,1219.99,1304.39,1391.76
"All property types","All bedrooms","Galway",774.50,789.07,831.27,890.99,938.78
"All property types","All bedrooms","Kerry",529.00,533.85,555.41,588.02,624.16
"All property types","All bedrooms","Kildare",778.97,823.47,894.46,963.06,1020.44
"All property types","All bedrooms","Kilkenny",592.97,611.20,645.68,691.66,733.11
"All property types","All bedrooms","Laois",513.20,530.64,571.92,632.10,688.10
"All property types","All bedrooms","Leitrim",396.43,403.07,413.82,440.76,469.09
"All property types","All bedrooms","Limerick",620.24,622.90,641.77,692.64,763.03
"All property types","All bedrooms","Longford",397.44,404.83,424.38,457.83,499.88
"All property types","All bedrooms","Louth",616.35,631.87,676.71,744.76,825.56
"All property types","All bedrooms","Mayo",506.51,506.02,515.00,533.40,558.06
"All property types","All bedrooms","Meath",679.24,713.08,779.98,857.10,924.58
"All property types","All bedrooms","Monaghan",488.13,491.99,503.65,523.25,552.56
"All property types","All bedrooms","Offaly",523.11,530.42,550.15,580.26,616.86
"All property types","All bedrooms","Roscommon",452.58,456.10,464.64,485.19,518.30
"All property types","All bedrooms","Sligo",577.96,583.22,592.03,610.75,651.28
"All property types","All bedrooms","Tipperary",527.48,530.14,541.22,560.15,586.22
"All property types","All bedrooms","Waterford",542.69,540.76,555.17,589.90,641.54
"All property types","All bedrooms","Westmeath",532.68,542.30,568.30,616.04,655.07
"All property types","All bedrooms","Wexford",544.01,544.43,562.77,592.78,631.48
"All property types","All bedrooms","Wicklow",826.23,866.54,923.03,989.52,1055.41
